champion_id,first_name,last_name,short_name,born
1,Jack,Johnson,Johnson,1878-03-31
2,Jess,Willard,Willard,1881-12-29
3,Tancy,Lee,Lee,1882-01-31
4,Jack,Britton,Britton,1885-10-14
5,Sam,Langford,Langford,1886-03-04
6,Freddie,Welsh,Welsh,1886-03-05
7,Frank,Klaus,Klaus,1887-12-30
8,George,Chip,Chip,1888-08-25
9,Sid,Smith,Smith,1889-02-02
10,Johnny,Coulon,Coulon,1889-02-12
11,Johnny,Kilbane,Kilbane,1889-04-09
12,Johnny,Buff,Buff,1889-06-12
13,Bob,Moha,Moha,1890-06-06
14,Jack,Dillon,Dillon,1891-02-02
15,Willie,Ritchie,Ritchie,1891-02-13
16,Bill,Ladbury,Ladbury,1891-10-14
17,Jimmy,Wilde,Wilde,1892-05-15
18,Mike,McTigue,McTigue,1892-11-26
19,Percy,Jones,Jones,1892-12-26
20,Johnny,Wilson,Wilson,1893-03-23
21,Rocky,Kansas,Kansas,1893-04-21
22,Eugene,Criqui,Criqui,1893-08-15
23,Johnny,Dundee,Dundee,1893-11-19
24,Kid,Williams,Williams,1893-12-05
25,Georges,Carpentier,Carpentier,1894-01-12
26,Harry,Greb,Greb,1894-06-06
27,Al,McCoy,McCoy,1894-10-23
28,Joe,Symonds,Symonds,1894-12-28
29,Mike,O'Dowd,O'Dowd,1895-04-05
30,Jack,Dempsey,Dempsey,1895-06-24
31,Tiger,Flowers,Flowers,1895-08-05
32,Pete,Herman,Herman,1896-02-12
33,Benny,Leonard,Leonard,1896-04-07
34,Jimmy,Jones,Jones,1896-06-01
35,George,Godfrey,Godfrey,1897-01-25
36,Steve,Sullivan,Sullivan,1897-05-21
37,Gene,Tunney,Tunney,1897-05-25
38,Battling,Siki,Siki,1897-09-16
39,Abe,Goldstein,Goldstein,1898-09-10
40,Joe,Lynch,Lynch,1898-11-30
41,Joe,Burman,Burman,1898-12-12
42,Pinky,Mitchell,Mitchell,1899-01-01
43,Jack,Bernstein,Bernstein,1899-11-05
44,Jack,Delaney,Delaney,1900-03-19
45,Andre,Routis,Routis,1900-07-16
46,Jimmy,Goodrich,Goodrich,1900-07-30
47,Corporal Izzy,Schwartz,Schwartz,1900-10-23
48,Paul,Berlenbach,Berlenbach,1901-02-18
49,Mike,Ballerino,Ballerino,1901-04-10
50,Dave,Rosenberg,Rosenberg,1901-05-15
51,Pancho,Villa,Villa,1901-08-01
52,Frankie,Genaro,Genaro,1901-08-26
53,Kid,Kaplan,Kaplan,1901-10-15
54,Dave,Shade,Shade,1902-03-01
55,Panama Al,Brown,Brown,1902-07-05
56,Pete,Latzo,Latzo,1902-08-01
57,Charlie Phil,Rosenberg,Rosenberg,1902-08-15
58,Jack,Sharkey,Sharkey,1902-10-06
59,Tommy,Loughran,Loughran,1902-11-29
60,Tod,Morgan,Morgan,1902-12-25
61,Eddie,Martin,Martin,1903-02-26
62,Bushy,Graham,Graham,1903-06-18
63,Mickey,Walker,Walker,1903-07-13
64,Bud,Taylor,Taylor,1903-07-22
65,Joe,Dundee,Dundee,1903-08-06
66,Benny,Bass,Bass,1903-12-04
67,Tommy,Freeman,Freeman,1904-01-22
68,Sammy,Mandell,Mandell,1904-02-05
69,Pinky,Silverberg,Silverberg,1904-04-05
70,Marcel,Thil,Thil,1904-05-25
71,Jack,Thompson,Thompson,1904-08-17
72,Jimmy,Slattery,Slattery,1904-08-25
73,Willie,LaMorte,LaMorte,1904-09-14
74,Young,Corbett III,Corbett III,1905-05-27
75,Jim,Braddock,Braddock,1905-06-07
76,Max,Schmeling,Schmeling,1905-09-28
77,Fidel,LaBarba,LaBarba,1905-09-29
78,Mushy,Callahan,Callahan,1905-11-03
79,Maurice,Holtzer,Holtzer,1906-01-21
80,Gorilla,Jones,Jones,1906-05-12
81,Ceferino,Garcia,Garcia,1906-08-26
82,Emile,Pladner,Pladner,1906-09-02
83,Primo,Carnera,Carnera,1906-10-25
84,Maxie,Rosenbloom,Rosenbloom,1906-11-06
85,Petey,Sarron,Sarron,1906-11-21
86,Frenchy,Belanger,Belanger,1906-12-04
87,Tiger,Jack Fox,Fox,1907-04-02
88,Frankie,Klick,Klick,1907-05-05
89,George,Nichols,Nichols,1907-07-10
90,Adolf,Heuser,Heuser,1907-10-03
91,Vince,Dundee,Dundee,1907-10-22
92,Jimmy,McLarnin,McLarnin,1907-12-19
93,Jackie,Fields,Fields,1908-02-09
94,Battling,Battalino,Battalino,1908-02-18
95,Johnny,Jadick,Jadick,1908-06-16
96,Bob,Olin,Olin,1908-07-04
97,Tony,Canzoneri,Canzoneri,1908-11-06
98,Jackie,Wilson,Wilson,1909-01-01
99,Max,Baer,Baer,1909-02-11
100,Tommy,Paul,Paul,1909-03-04
101,Gustave,Roth,Roth,1909-03-12
102,Solly,Krieger,Krieger,1909-03-28
103,Jack,Kid Berg,Berg,1909-06-28
104,Al,Singer,Singer,1909-09-06
105,Joe,Knight,Knight,1909-10-16
106,Jackie,Brown,Brown,1909-11-29
107,Henry,Armstrong,Armstrong,1909-12-12
108,Barney,Ross,Ross,1909-12-23
109,Ben,Jeby,Jeby,1909-12-27
110,Kid,Chocolate,Chocolate,1910-01-06
111,Valentin,Angelmann,Angelmann,1910-03-07
112,Teddy,Yarosz,Yarosz,1910-06-24
113,Midget,Wolgast,Wolgast,1910-07-18
114,Ken,Overlin,Overlin,1910-08-15
115,Mike,Belloise,Belloise,1911-02-02
116,Freddie,Miller,Miller,1911-04-03
117,Bob,Godwin,Godwin,1911-05-05
118,Lou,Brouillard,Brouillard,1911-05-23
119,Babe,Risko,Risko,1911-07-14
120,Baltasar,Sangchili,Sangchili,1911-10-15
121,Young,Perez,Perez,1911-10-18
122,Chalky,Wright,Wright,1912-02-01
123,Tony,Marino,Marino,1912-05-18
124,Lou,Salica,Salica,1912-11-16
125,Freddie,Steele,Steele,1912-12-18
126,Fred,Apostoli,Apostoli,1913-02-02
127,Small,Montana,Montana,1913-02-24
128,Baby,Arizmendi,Arizmendi,1913-03-17
129,Sixto,Escobar,Escobar,1913-03-23
130,Benny,Lynch,Lynch,1913-04-02
131,Fritzie,Zivic,Zivic,1913-05-08
132,Tony,Zale,Zale,1913-05-29
133,Lou,Ambers,Ambers,1913-11-08
134,Jersey,Joe Walcott,Jersey Joe,1914-01-31
135,Joey,Archibald,Archibald,1914-02-20
136,John,Henry Lewis,Lewis,1914-05-01
137,Joe,Louis,Louis,1914-05-13
138,Harry,Jeffra,Jeffra,1914-11-30
139,Sammy,Angott,Angott,1915-01-17
140,Georgie,Pace,Pace,1915-02-02
141,Gus,Lesnevich,Lesnevich,1915-02-22
142,Felix,Wouters,Wouters,1915-04-25
143,Freddie,Cochrane,Cochrane,1915-05-06
144,Billy,Soose,Soose,1915-08-02
145,Dado,Marino,Marino,1915-10-15
146,Little,Dado,Dado,1916-01-01
147,Al,Hostak,Hostak,1916-01-07
148,Manuel,Ortiz,Ortiz,1916-07-02
149,Marcel,Cerdan,Cerdan,1916-07-22
150,Melio,Bettina,Bettina,1916-11-18
151,Lew,Jenkins,Jenkins,1916-12-04
152,Archie,Moore,Moore,1916-12-13
153,Juan,Zurita,Zurita,1917-05-12
154,Anton,Christoforidis,Christoforidis,1917-05-26
155,Petey,Scalzo,Scalzo,1917-08-01
156,Jackie,Callura,Callura,1917-09-14
157,Billy,Conn,Conn,1917-10-08
158,Sal,Bartolo,Bartolo,1917-11-05
159,Tippy,Larkin,Larkin,1917-11-11
160,Peter,Kane,Kane,1918-02-28
161,Rinty,Monaghan,Monaghan,1918-08-21
162,Rocky,Graziano,Graziano,1919-01-01
163,Bob,Montgomery,Montgomery,1919-02-10
164,Freddie,Mills,Mills,1919-06-26
165,Phil,Terranova,Terranova,1919-09-04
166,Marty,Servo,Servo,1919-11-03
167,Richie,Lemos,Lemos,1920-02-07
168,Jackie,Paterson,Paterson,1920-09-05
169,Beau,Jack,Jack,1921-04-01
170,Sugar,Ray Robinson,Robinson,1921-05-03
171,Ezzard,Charles,Charles,1921-07-07
172,Joey,Maxim,Maxim,1922-03-28
173,Jake,LaMotta,LaMotta,1922-07-10
174,Willie,Pep,Pep,1922-09-19
175,Harold,Dade,Dade,1923-03-24
176,Ike,Williams,Williams,1923-08-02
177,Rocky,Marciano,Marciano,1923-09-01
178,Yoshio,Shirai,Shirai,1923-11-23
179,Jimmy,Carter,Carter,1923-12-15
180,Wallace,Bud Smith,Smith,1924-04-02
181,Terry,Allen,Allen,1924-06-08
182,Kid,Gavilan,Gavilan,1926-01-06
183,Pascual,Perez,Perez,1926-05-04
184,Joe,Brown,Brown,1926-05-18
185,Mario,D'Agata,D'Agata,1926-05-29
186,Sandy,Saddler,Saddler,1926-06-23
187,Carmen,Basilio,Basilio,1927-04-02
188,Johnny,Bratton,Bratton,1927-09-09
189,Vic,Toweel,Toweel,1928-01-12
190,Paddy,DeMarco,DeMarco,1928-02-10
191,Virgil,Akins,Akins,1928-03-10
192,Randolph,Turpin,Turpin,1928-06-07
193,Bobo,Olson,Olson,1928-07-11
194,Harold,Johnson,Johnson,1928-08-09
195,Lauro,Salas,Salas,1928-08-28
196,Duilio,Loi,Loi,1929-04-19
197,Jimmy,Carruthers,Carruthers,1929-07-05
198,Dick,Tiger,Tiger,1929-08-14
199,Paul,Pender,Pender,1930-06-20
200,Johnny,Saxton,Saxton,1930-07-04
201,Joey,Giardello,Giardello,1930-07-16
202,Sonny,Liston,Liston,1930-07-22
203,Robert,Cohen,Cohen,1930-11-15
204,Gene,Fullmer,Fullmer,1931-07-21
205,Tony,DeMarco,DeMarco,1932-01-14
206,Alphonse,Halimi,Halimi,1932-02-18
207,Hogan,Bassey,Bassey,1932-06-03
208,Ingemar,Johansson,Johansson,1932-09-22
209,Salvatore,Burruni,Burruni,1933-04-11
210,Harold,Gomes,Gomes,1933-08-22
211,David,Moore,Moore,1933-11-01
212,Don,Jordan,Jordan,1934-06-22
213,Raul,Macias,Macias,1934-07-28
214,Horacio,Accavallo,Accavallo,1934-10-14
215,Floyd,Patterson,Patterson,1935-01-04
216,Pone,Kingpetch,Kingpetch,1935-02-12
217,Flash,Elorde,Elorde,1935-03-25
218,Ralph,Dupas,Dupas,1935-10-14
219,Willie,Pastrano,Pastrano,1935-11-27
220,Eder,Jofre,Jofre,1936-03-26
221,Jose,Becerra,Becerra,1936-04-15
222,Freddie,Little,Little,1936-04-25
223,Jose,Torres,Torres,1936-05-03
224,Terry,Downes,Downes,1936-05-09
225,Carlos,Ortiz,Ortiz,1936-09-09
226,Eddie,Perkins,Perkins,1937-03-03
227,Benny,Paret,Paret,1937-03-14
228,Curtis,Cokes,Cokes,1937-06-15
229,Luis,Rodriguez,Rodriguez,1937-06-17
230,Carlos,Cruz,Cruz,1937-11-24
231,Emile,Griffith,Griffith,1938-02-03
232,Nino,Benvenuti,Benvenuti,1938-04-26
233,Vicente,Rondon,Rondon,1938-07-29
234,Luis,Estaba,Estaba,1938-08-13
235,Sandro,Mazzinghi,Mazzinghi,1938-10-03
236,Ernie,Terrell,Terrell,1939-04-04
237,Howard,Winstone,Winstone,1939-04-15
238,Carlos,Morocho Hernandez,Hernandez,1939-04-22
239,Denny,Moyer,Moyer,1939-08-08
240,Nicolino,Locche,Locche,1939-09-02
241,Kim,Ki-soo,Kim,1939-09-17
242,Carmelo,Bossi,Bossi,1939-10-15
243,Sandro,Lopopolo,Lopopolo,1939-12-18
244,Jimmy,Ellis,Ellis,1940-02-24
245,Hiroyuki,Ebihara,Ebihara,1940-03-26
246,Jose,Napoles,Napoles,1940-04-13
247,Takeshi,Fuji,Fuji,1940-07-06
248,Raul,Rojas,Rojas,1941-11-05
249,Roberto,Cruz,Cruz,1941-11-21
250,Sugar,Ramos,Ramos,1941-12-02
251,Bruno,Arcari,Arcari,1942-01-01
252,Muhammad,Ali,Ali,1942-01-17
253,Bob,Foster,Foster,1942-04-27
254,Carlos,Monzon,Monzon,1942-08-07
255,Chartchai,Chionoi,Chionoi,1942-10-10
256,Walter,McGowan,McGowan,1942-10-13
257,Billy,Backus,Backus,1943-03-05
258,Fighting,Harada,Harada,1943-04-05
259,Jose,Legra,Legra,1943-04-19
260,Koichi,Wajima,Wajima,1943-04-21
261,Vicente,Saldivar,Saldivar,1943-05-03
262,Bernabe,Villacampo,Villacampo,1943-06-11
263,Ismael,Laguna,Laguna,1943-06-28
264,Pedro,Carrasco,Carrasco,1943-07-11
265,Rene,Barrientos,Barrientos,1943-07-25
266,Ken,Norton,Norton,1943-08-09
267,Pedro,Adigue Jr,Adigue Jr,1943-11-16
268,Efren,Torres,Torres,1943-11-29
269,Joe,Frazier,Frazier,1944-01-12
270,Chucho,Castillo,Castillo,1944-06-17
271,Hiroshi,Kobayashi,Kobayashi,1944-08-23
272,Chango,Carmona,Carmona,1944-09-29
273,Berkrerk,Chartvanchai,Chartvanchai,1944-10-25
274,Miguel,Velazquez,Velazquez,1944-12-27
275,Rafael,Herrera,Herrera,1945-01-07
276,Johnny,Famechon,Famechon,1945-03-28
277,Yoshiaki,Numata,Numata,1945-04-19
278,Ken,Buchanan,Buchanan,1945-06-28
279,Arnold,Taylor,Taylor,1945-07-15
280,Antonio,Gomez,Gomez,1945-09-07
281,Jose,Duran,Duran,1945-10-09
282,Rodolfo,Gonzalez,Gonzalez,1945-12-16
283,Antonio,Cervantes,Cervantes,1945-12-23
284,Erbito,Salavarria,Salavarria,1946-01-20
285,Rodrigo,Valdes,Valdes,1946-02-22
286,Hedgemon,Lewis,Lewis,1946-02-25
287,Miguel,Angel Cuello,Cuello,1946-02-27
288,Romeo,Anaya,Anaya,1946-04-05
289,Ruben,Olivares,Olivares,1947-01-14
290,Alfredo,Marcano,Marcano,1947-01-17
291,Susumu,Hanagata,Hanagata,1947-01-21
292,Miguel,Angel Castellini,Castellini,1947-01-26
293,Shozo,Saijo,Saijo,1947-01-28
294,Franco,Udella,Udella,1947-02-25
295,Kuniaki,Shibata,Shibata,1947-03-29
296,Saoul,Mamby,Mamby,1947-06-04
297,Clemente,Sanchez,Sanchez,1947-07-09
298,Enrique,Pinder,Pinder,1947-08-07
299,Miguel,de Oliveira,De Oliveira,1947-09-30
300,Alfonso,Frazer,Frazer,1948-01-04
301,Miguel,Canto,Canto,1948-01-30
302,Angel,Espada,Espada,1948-02-02
303,Eckhard,Dagge,Dagge,1948-02-27
304,Yuh,Jae-doo,Yuh,1948-04-25
305,Ernesto,Marcel,Marcel,1948-05-23
306,Lionel,Rose,Rose,1948-06-21
307,Jim,Watt,Watt,1948-07-18
308,Rodolfo,Martinez,Martinez,1948-08-24
309,Oscar,Albarado,Albarado,1948-09-15
310,Victor,Galindez,Galindez,1948-11-02
311,Mando,Ramos,Ramos,1948-11-15
312,Mate,Parlov,Parlov,1948-11-16
313,George,Foreman,Foreman,1949-01-10
314,Ricardo,Arredondo,Arredondo,1949-05-26
315,Guts,Ishimatsu,Ishimatsu,1949-06-05
316,Carlos,Palomino,Palomino,1949-08-10
317,Claude,Noel,Noel,1949-08-22
318,Royal,Kobayashi,Kobayashi,1949-10-10
319,Masao,Oba,Oba,1949-10-21
320,Betulio,Gonzalez,Gonzalez,1949-10-24
321,Larry,Holmes,Holmes,1949-11-03
322,Venice,Borkhorsor,Borkhorsor,1950-04-06
323,Hong,Soo-hwan,Hong,1950-05-26
324,Saensak,Muangsurin,Muangsurin,1950-08-13
325,Eddie,Gazo,Gazo,1950-09-12
326,John,H Stracey,Stracey,1950-09-22
327,Rafael,Ortega,Ortega,1950-09-25
328,Yasutsune,Uehara,Uehara,1950-10-12
329,Yum,Dong-kyun,Yum,1950-11-10
330,David,Kotey,Kotey,1950-12-07
331,Pedro,Flores,Flores,1951-01-14
332,Carlos,Zarate,Zarate,1951-05-23
333,John,Conteh,Conteh,1951-05-27
334,Mike,Weaver,Weaver,1951-06-14
335,Roberto,Duran,Duran,1951-06-16
336,Shoji,Oguma,Oguma,1951-07-22
337,Esteban,de Jesus,De Jesus,1951-08-02
338,Cecilio,Lastra,Lastra,1951-08-12
339,Alan,Minter,Minter,1951-08-17
340,Juan,Guzman,Guzman,1951-08-21
341,Masashi,Kudo,Kudo,1951-08-24
342,Bobby,Chacon,Chacon,1951-11-28
343,Maurice,Hope,Hope,1951-12-06
344,Prudencio,Cardona,Cardona,1951-12-22
345,Marvin,Camel,Camel,1951-12-24
346,Elisha,Obed,Obed,1952-02-21
347,Buster,Drayton,Drayton,1952-03-02
348,Alfredo,Escalera,Escalera,1952-03-21
349,Alexis,Arguello,Arguello,1952-04-19
350,Eddie,Mustafa Muhammad,Muhammad,1952-04-30
351,Peter,Mathebula,Mathebula,1952-07-03
352,Danny,Lopez,Lopez,1952-07-06
353,Perico,Fernandez,Fernandez,1952-10-19
354,Ricardo,Cardona,Cardona,1952-11-09
355,Ben,Villaflor,Villaflor,1952-11-10
356,Samuel,Serrano,Serrano,1952-11-17
357,Lupe,Madera,Madera,1952-12-17
358,Leroy,Haley,Haley,1952-12-27
359,Fulgencio,Obelmejias,Obelmejias,1953-01-01
360,Dwight,Muhammad Qawi,Qawi,1953-01-05
361,Alfonso,Lopez,Lopez,1953-01-08
362,Rigoberto,Riasco,Riasco,1953-01-11
363,Leonardo,Cruz,Cruz,1953-01-17
364,Vito,Antuofermo,Antuofermo,1953-02-09
365,Luis,Ibarra,Ibarra,1953-02-23
366,James,Smith,Smith,1953-04-03
367,Murray,Sutherland,Sutherland,1953-04-10
368,Kim,Sung-Jun,Kim,1953-06-03
369,Leon,Spinks,Spinks,1953-07-11
370,Jaime,Rios,Rios,1953-08-14
371,Rocky,Mattioli,Mattioli,1953-09-20
372,Dennis,Andries,Andries,1953-11-05
373,Hugo,Corro,Corro,1953-11-05
374,Ayub,Kalule,Kalule,1954-01-06
375,Rafael,Limon,Limon,1954-01-13
376,Shigeo,Nakajima,Nakajima,1954-01-18
377,Alfonso,Zamora,Zamora,1954-02-09
378,Marvin,Johnson,Johnson,1954-04-12
379,Daniel,Londas,Londas,1954-05-17
380,Marvin,Hagler,Hagler,1954-05-23
381,Matthew,Saad Muhammad,Saad Muhammad,1954-06-16
382,Trevor,Berbick,Berbick,1954-08-01
383,Alberto,Davila,Davila,1954-08-10
384,Ernesto,Espana,Espana,1954-11-07
385,Taoufik,Belbouli,Belbouli,1954-12-10
386,Guty,Espadas,Espadas,1954-12-20
387,Kim,Sang-hyun,Kim,1955-01-18
388,John,Tate,Tate,1955-01-29
389,Jiro,Watanabe,Watanabe,1955-03-16
390,Jorge,Lujan,Lujan,1955-03-18
391,Rafael,Pedroza,Pedroza,1955-03-27
392,Tadashi,Mihara,Mihara,1955-03-30
393,Gerrie,Coetzee,Coetzee,1955-04-08
394,Lupe,Pintor,Pintor,1955-04-13
395,Barry,Michael,Michael,1955-06-02
396,Freddy,Castillo,Castillo,1955-06-15
397,Kim,Hwan-Jin,Kim,1955-06-25
398,Yoko,Gushiken,Gushiken,1955-06-26
399,Piet,Crous,Crous,1955-07-02
400,Ubaldo,Sacco,Sacco,1955-07-28
401,Hilmer,Kenty,Kenty,1955-07-30
402,Ossie,Ocasio,Ocasio,1955-08-12
403,Carlos,Santos,Santos,1955-10-01
404,Aaron,Pryor,Pryor,1955-10-20
405,Arturo,Frias,Frias,1955-10-27
406,Thulani,Malinga,Malinga,1955-12-11
407,Sergio,Victor Palma,Victor Palma,1956-01-01
408,Alfonzo,Ratliff,Ratliff,1956-02-18
409,Eusebio,Pedroza,Pedroza,1956-03-02
410,Juan,Meza,Meza,1956-03-18
411,Gabriel,Bernal,Bernal,1956-03-24
412,Bruce,Curry,Curry,1956-03-29
413,Billy,Costello,Costello,1956-04-10
414,Sumbu,Kalambay,Kalambay,1956-04-10
415,Valerio,Nati,Nati,1956-04-11
416,Sugar,Ray Leonard,Leonard,1956-05-17
417,Cornelius,Boza-Edwards,Boza-Edwards,1956-05-27
418,Mike,Rossman,Rossman,1956-07-01
419,Michael,Spinks,Spinks,1956-07-13
420,Charlie,Magri,Magri,1956-07-20
421,Gary,Hinton,Hinton,1956-08-29
422,Jeff,Chandler,Chandler,1956-09-03
423,Amado,Ursua,Ursua,1956-09-13
424,Payao,Poontarat,Poontarat,1956-10-18
425,Wilfredo,Gomez,Gomez,1956-10-29
426,Ricky,Parkey,Parkey,1956-11-07
427,Mike,McCallum,McCallum,1956-12-07
428,JB,Williamson,Williamson,1956-12-18
429,Bernard,Benton,Benton,1957-01-06
430,Julian,Solis,Solis,1957-01-07
431,Rolando,Navarrete,Navarrete,1957-02-14
432,Park,Chan-hee,Park,1957-03-23
433,Lindell,Holmes,Holmes,1957-04-04
434,German,Torres,Torres,1957-05-28
435,Francisco,Quiroz,Quiroz,1957-06-04
436,Mark,Medal,Medal,1957-06-10
437,Kim,Tae-shik,Kim,1957-07-04
438,Gianfranco,Rosi,Rosi,1957-08-05
439,Koji,Kobayashi,Kobayashi,1957-08-27
440,Eleoncio,Mercedes,Mercedes,1957-09-12
441,Slobodan,Kacar,Kacar,1957-09-15
442,Harry,Arroyo,Arroyo,1957-10-25
443,Daniel,Zaragoza,Zaragoza,1957-12-11
444,Tim,Witherspoon,Witherspoon,1957-12-27
445,Pipino,Cuevas,Cuevas,1957-12-27
446,Juan,Herrera,Herrera,1958-01-12
447,Joey,Olivo,Olivo,1958-01-25
448,Greg,Richardson,Richardson,1958-02-07
449,Terry,Marsh,Marsh,1958-02-07
450,Pinklon,Thomas,Thomas,1958-02-10
451,Gustavo,Ballas,Ballas,1958-02-10
452,Tony,Tubbs,Tubbs,1958-02-15
453,Leo,Randolph,Randolph,1958-02-27
454,Frank,Cedeno,Cedeno,1958-03-16
455,Charlie,Brown,Brown,1958-04-05
456,Lee,Roy Murphy,Murphy,1958-07-16
457,Azumah,Nelson,Nelson,1958-07-19
458,Michael,Dokes,Dokes,1958-08-10
459,Park,Chong-pal,Park,1958-08-11
460,Hilario,Zapata,Zapata,1958-08-19
461,Antonio,Avelar,Avelar,1958-08-25
462,Rafael,Orono,Orono,1958-08-30
463,Wilfred,Benitez,Benitez,1958-09-12
464,Francesco,Damiani,Damiani,1958-10-04
465,Thomas,Hearns,Hearns,1958-10-18
466,Greg,Page,Page,1958-10-25
467,Luis,Santana,Santana,1958-11-19
468,James,Warring,Warring,1958-11-26
469,Jose,Luis Ramirez,Ramirez,1958-12-03
470,Kamel,Bou Ali,Ali,1958-12-06
471,Tony,Tucker,Tucker,1958-12-27
472,Rocky,Lockridge,Lockridge,1959-01-10
473,Patrizio,Oliva,Oliva,1959-01-20
474,Salvador,Sanchez,Sanchez,1959-01-26
475,Santos,Laciar,Laciar,1959-01-31
476,Sean,O'Grady,O'Grady,1959-02-10
477,Tyrone,Booze,Booze,1959-02-12
478,ST,Gordon,Gordon,1959-04-18
479,Netrnoi,Sor Vorasingh,Sor Vorasingh,1959-04-22
480,Kwon,Soon-chun,Kwon,1959-04-24
481,Carlos,De Leon,De Leon,1959-05-03
482,Khaokor,Galaxy,Galaxy,1959-05-15
483,Khaosai,Galaxy,Galaxy,1959-05-15
484,Samuth,Sithnaruepol,Sithnaruepol,1959-05-17
485,Davey,Moore,Moore,1959-06-09
486,Joe,Manley,Manley,1959-06-11
487,Gene,Hatcher,Hatcher,1959-06-28
488,Suh,Sung-in,Suh,1959-07-18
489,Kim,Ji-won,Kim,1959-08-06
490,Marlon,Starling,Starling,1959-08-29
491,Antonio,Esparragoza,Esparragoza,1959-09-02
492,Jaime,Garza,Garza,1959-09-10
493,Alfredo,Layne,Layne,1959-10-09
494,Boone,Pultz,Pultz,1959-11-18
495,Chung,Ki-young,Chung,1959-11-23
496,Juan,Laporte,Laporte,1959-11-24
497,Jimmy,Paul,Paul,1959-11-25
498,Jorge,Vaca,Vaca,1959-12-14
499,Tadashi,Tomori,Tomori,1959-12-28
500,Anaclet,Wamba,Wamba,1960-01-06
501,Jung,Bi-won,Jung,1960-01-15
502,Kenny,Mitchell,Mitchell,1960-02-07
503,Bernardo,Pinango,Pinango,1960-02-09
504,John,Mugabi,Mugabi,1960-03-04
505,Donny,Lalonde,Lalonde,1960-03-12
506,Elly,Pical,Pical,1960-03-24
507,Loris,Stecca,Stecca,1960-03-30
508,Buster,Douglas,Douglas,1960-04-07
509,Lloyd,Honeyghan,Honeyghan,1960-04-22
510,Manning,Galloway,Galloway,1960-04-27
511,Gaby,Canizales,Canizales,1960-05-01
512,Iran,Barkley,Barkley,1960-05-06
513,Marcos,Villasana,Villasana,1960-06-11
514,Lee,Seung-hoon,Lee,1960-07-26
515,Katsuo,Tokashiki,Tokashiki,1960-07-27
516,Wilfredo,Vazquez,Vazquez,1960-08-02
517,Genaro,Leon,Leon,1960-08-10
518,Johnny,Bumphus,Bumphus,1960-08-17
519,Greg,Haugen,Haugen,1960-08-31
520,Livingstone,Bramble,Bramble,1960-09-03
521,Julian,Jackson,Jackson,1960-09-12
522,Richie,Sandoval,Sandoval,1960-10-18
523,Victor,Callejas,Callejas,1960-11-12
524,Tsuyoshi,Hamada,Hamada,1960-11-29
525,Mauricio,Aceves,Aceves,1960-12-18
526,Israel,Contreras,Contreras,1960-12-27
527,Sugar,Baby Rojas,Rojas,1961-01-02
528,Takuya,Muguruma,Muguruma,1961-01-16
529,Uriah,Grant,Grant,1961-01-20
530,Duane,Thomas,Thomas,1961-02-01
531,Nestor,Hipolito Giovannini,Giovannini,1961-02-07
532,Barry,McGuigan,McGuigan,1961-02-28
533,Kim,Chul-Ho,Kim,1961-03-03
534,Ray,Mancini,Mancini,1961-03-04
535,Leslie,Stewart,Stewart,1961-03-21
536,Robert,Hines,Hines,1961-03-28
537,Ray,Mercer,Mercer,1961-04-04
538,Miguel,Lora,Lora,1961-04-12
539,Roger,Mayweather,Mayweather,1961-04-24
540,Bobby,Berna,Berna,1961-05-19
541,Rene,Arredondo,Arredondo,1961-06-15
542,Dave,McAuley,McAuley,1961-06-15
543,Rene,Jacquot,Jacquot,1961-07-28
544,Doug,DeWitt,DeWitt,1961-08-13
545,Brian,Mitchell,Mitchell,1961-08-30
546,Donald,Curry,Curry,1961-09-07
547,Jeff,Lampkin,Lampkin,1961-09-21
548,Frankie,Randall,Randall,1961-09-25
549,Frank,Bruno,Bruno,1961-11-16
550,Gilberto,Roman,Roman,1961-11-29
551,Chung,Jong-kwan,Chung,1961-11-30
552,Juan,Martin Coggi,Coggi,1961-12-19
553,Baek,In-Chul,Baek,1961-12-20
554,Gert,Bo Jacobsen,Jacobsen,1961-12-28
555,Markus,Bott,Bott,1962-01-13
556,Milton,McCrory,McCrory,1962-02-07
557,Bobby,Czyz,Czyz,1962-02-10
558,Victor,Cordoba,Cordoba,1962-03-15
559,Sot,Chitalada,Chitalada,1962-05-05
560,Louie,Espinoza,Espinoza,1962-05-12
561,Loreto,Garza,Garza,1962-05-23
562,Hector,Camacho,Camacho,1962-05-24
563,Charles,Williams,Williams,1962-06-02
564,Julio,Cesar Chavez,Chavez,1962-07-12
565,Jacob,Matlala,Matlala,1962-08-01
566,Calvin,Grove,Grove,1962-08-05
567,Oh,Min-keun,Oh,1962-08-15
568,Yuh,Hwan-kil,Yuh,1962-09-23
569,Evander,Holyfield,Holyfield,1962-10-19
570,Lonnie,Smith,Smith,1962-11-05
571,Troy,Dorsey,Dorsey,1962-11-19
572,Dodie,Boy Penalosa,Penalosa,1962-11-19
573,Ruben,Dario Palacio,Palacio,1962-12-01
574,Samart,Payakaroon,Payakaroon,1962-12-05
575,Vinny,Pazienza,Pazienza,1962-12-16
576,Fidel,Bassa,Bassa,1962-12-18
577,Victor,Rabanales,Rabanales,1962-12-23
578,Freddie,Pendleton,Pendleton,1963-01-05
579,Orlando,Fernandez,Fernandez,1963-01-18
580,Lupe,Aquino,Aquino,1963-01-23
581,Chang,Jung-Koo,Chang,1963-02-04
582,Ralf,Rocchigiani,Rocchigiani,1963-02-13
583,Jose,Sanabria,Sanabria,1963-02-16
584,Tony,Lopez,Lopez,1963-02-24
585,Maurizio,Stecca,Stecca,1963-03-09
586,Kelvin,Seabrooks,Seabrooks,1963-03-10
587,Edwin,Rosario,Rosario,1963-03-15
588,Zack,Padilla,Padilla,1963-03-15
589,Jean,Baptiste Mendy,Mendy,1963-03-16
590,Michael,Nunn,Nunn,1963-04-14
591,Jesus,Salud,Salud,1963-05-03
592,Duke,McKenzie,McKenzie,1963-05-05
593,Mark,Breland,Breland,1963-05-11
594,Maurice,Blocker,Blocker,1963-05-15
595,John,David Jackson,Jackson,1963-05-17
596,Christophe,Tiozzo,Tiozzo,1963-06-01
597,Choi,Jum-hwan,Choi,1963-06-09
598,Park,Chan-yong,Park,1963-06-10
599,Chris,Pyatt,Pyatt,1963-07-03
600,Quincy,Taylor,Taylor,1963-07-18
601,Moon,Sung-kil,Moon,1963-07-20
602,Vince,Phillips,Phillips,1963-07-23
603,Nate,Miller,Miller,1963-08-03
604,Leo,Gamez,Gamez,1963-08-08
605,Jose,de Jesus,De Jesus,1963-08-12
606,Simon,Brown,Brown,1963-08-15
607,Magne,Havna,Havna,1963-09-16
608,Juan,Nazario,Nazario,1963-09-27
609,Juan,Polo Perez,Perez,1963-10-17
610,Steve,Cruz,Cruz,1963-11-02
611,Massimiliano,Duran,Duran,1963-11-03
612,Jesse,Benavides,Benavides,1963-11-08
613,Akinobu,Hiranaka,Hiranaka,1963-11-14
614,Juan,Jose Estrada,Estrada,1963-11-28
615,Antonio,Rivera,Rivera,1963-12-05
616,Dave,Hilton,Hilton,1963-12-09
617,Graciano,Rocchigiani,Rocchigiani,1963-12-29
618,Gilbert,Dele,Dele,1964-01-01
619,Pernell,Whitaker,Whitaker,1964-01-02
620,Henry,Maske,Maske,1964-01-06
621,Yuh,Myung-woo,Yuh,1964-01-10
622,Buddy,McGirt,McGirt,1964-01-17
623,Virgil,Hill,Hill,1964-01-18
624,Nigel,Benn,Benn,1964-01-22
625,Leopard,Tamakuma,Tamakuma,1964-01-25
626,Chun,Ju-do,Chun,1964-01-25
627,Jesus,Rojas,Rojas,1964-01-31
628,Choi,Chang-ho,Choi,1964-02-10
629,Nana,Konadu,Konadu,1964-02-15
630,Sammy,Fuentes,Fuentes,1964-02-18
631,Satoshi,Shingaki,Shingaki,1964-02-21
632,Paul,Banke,Banke,1964-03-01
633,Pedro,Decima,Decima,1964-03-10
634,Mauro,Galvano,Galvano,1964-03-30
635,Pat,Clinton,Clinton,1964-04-04
636,Alfred,Cole,Cole,1964-04-21
637,Kim,Bong-Jun,Kim,1964-05-13
638,Isidro,Perez,Perez,1964-05-24
639,Carl,Thompson,Thompson,1964-05-26
640,Jeff,Fenech,Fenech,1964-05-28
641,Tom,Johnson,Johnson,1964-07-15
642,Steve,Collins,Collins,1964-07-21
643,Shin,Hi-sup,Shin,1964-07-29
644,Frank,Tate,Tate,1964-08-27
645,Carlos,Salazar,Salazar,1964-09-05
646,Glenn,McCrory,McCrory,1964-09-23
647,Crisanto,Espana,Espana,1964-10-25
648,Arthur,Williams,Williams,1964-11-12
649,Tracy,Harris Patterson,Patterson,1964-12-26
650,Kim,Yong-kang,Kim,1965-01-03
651,Jesus,Chong,Chong,1965-01-07
652,Bernard,Hopkins,Hopkins,1965-01-15
653,Elvis,Alvarez,Alvarez,1965-02-02
654,Jeff,Harding,Harding,1965-02-05
655,Frankie,Liles,Liles,1965-02-14
656,Hideyuki,Ohashi,Ohashi,1965-03-08
657,Thierry,Jacob,Jacob,1965-03-08
658,Lester,Ellis,Ellis,1965-03-15
659,John,John Molina,Molina,1965-03-17
660,Fabrice,Benichou,Benichou,1965-04-05
661,Tomas,Molinares,Molinares,1965-04-06
662,Luis,Mendoza,Mendoza,1965-04-07
663,Eric,Chavez,Chavez,1965-04-09
664,Chang,Tae-il,Chang,1965-04-10
665,Aquiles,Guzman,Guzman,1965-04-13
666,Oliver,McCall,McCall,1965-04-21
667,Steve,Little,Little,1965-06-09
668,Yober,Ortega,Ortega,1965-08-21
669,Lennox,Lewis,Lewis,1965-09-02
670,Michael,Bentt,Bentt,1965-09-04
671,Choi,Hi-yong,Choi,1965-09-13
672,Paul,Hodkinson,Hodkinson,1965-09-14
673,Jake,Rodriguez,Rodriguez,1965-10-02
674,Orlin,Norris,Norris,1965-10-04
675,Henry,Akinwande,Akinwande,1965-10-12
676,Welcome,Ncita,Ncita,1965-10-25
677,Jorge,Paez,Paez,1965-10-27
678,Tacy,Macalos,Macalos,1965-10-28
679,Vincent,Pettway,Pettway,1965-11-09
680,Rolando,Pascua,Pascua,1965-11-19
681,Orlando,Canizales,Canizales,1965-11-25
682,Rolando,Bohol,Bohol,1965-12-25
683,Matthew,Hilton,Hilton,1965-12-27
684,Corrie,Sanders,Sanders,1966-01-07
685,Kennedy,McKinney,McKinney,1966-01-10
686,Rafael,Pineda,Pineda,1966-01-12
687,Pichit,Sithbanprachan,Sithbanprachan,1966-01-15
688,Colin,McMillan,McMillan,1966-02-12
689,Leeonzer,Barber,Barber,1966-02-18
690,Stefano,Zoff,Zoff,1966-03-17
691,Hector,Acero Sanchez,Sanchez,1966-03-18
692,Humberto,Gonzalez,Gonzalez,1966-03-25
693,Chana,Porpaoin,Porpaoin,1966-03-25
694,Rafael,Torres,Torres,1966-04-17
695,Genaro,Hernandez,Hernandez,1966-05-10
696,Joey,Gamache,Gamache,1966-05-20
697,Maselino,Masoe,Masoe,1966-06-06
698,Nico,Thomas,Thomas,1966-06-10
699,Vincenzo,Nardiello,Nardiello,1966-06-11
700,Rodolfo,Blanco,Blanco,1966-06-14
701,Khalid,Rahilou,Rahilou,1966-06-19
702,Francisco,Tejedor,Tejedor,1966-06-20
703,Mike,Tyson,Tyson,1966-06-30
704,Jesse,James Leija,Leija,1966-07-08
705,Julio,Cesar Vasquez,Vasquez,1966-07-13
706,Ricardo,Lopez,Lopez,1966-07-25
707,Chris,Eubank,Eubank,1966-08-08
708,Silvio,Branco,Branco,1966-08-26
709,Reggie,Johnson,Johnson,1966-08-28
710,Robert,Daniels,Daniels,1966-08-30
711,Orzubek,Nazarov,Nazarov,1966-08-30
712,Hector,Lizarraga,Lizarraga,1966-09-01
713,Dingaan,Thobela,Thobela,1966-09-24
714,Meldrick,Taylor,Taylor,1966-10-19
715,Yuri,Arbachakov,Arbachakov,1966-10-22
716,Jose,Ruiz,Ruiz,1966-10-24
717,Paul,Jones,Jones,1966-11-19
718,Lee,Kyung-Yung,Lee,1966-12-04
719,Eddie,Cook,Cook,1966-12-21
720,Laurent,Boudouani,Boudouani,1966-12-29
721,Johnny,Nelson,Nelson,1967-01-04
722,William,Guthrie,Guthrie,1967-01-17
723,Lee,Yul-Woo,Lee,1967-01-25
724,Bruce,Seldon,Seldon,1967-01-30
725,Anatoly,Alexandrov,Alexandrov,1967-02-03
726,Johnny,Tapia,Tapia,1967-02-13
727,Raul,Perez,Perez,1967-02-14
728,Vuyani,Bungu,Bungu,1967-02-26
729,Kiyoshi,Hatanaka,Hatanaka,1967-03-07
730,David,Griman,Griman,1967-03-10
731,Eloy,Rojas,Rojas,1967-03-25
732,Aaron,Davis,Davis,1967-04-07
733,Julio,Cesar Green,Green,1967-05-19
734,Sven,Ottke,Ottke,1967-06-03
735,Terry,Norris,Norris,1967-06-17
736,Luisito,Espinosa,Espinosa,1967-06-26
737,Kevin,Kelley,Kelley,1967-06-29
738,Napa,Kiatwanchai,Kiatwanchai,1967-07-27
739,Riddick,Bowe,Bowe,1967-08-10
740,Regilio,Tuur,Tuur,1967-08-12
741,Hugo,Rafael Soto,Soto,1967-08-16
742,Park,Yong-kyun,Park,1967-08-16
743,Jorge,Castro,Castro,1967-08-18
744,Jimmi,Bredahl,Bredahl,1967-08-26
745,Adolpho,Washington,Washington,1967-09-07
746,Paul,Weir,Weir,1967-09-16
747,Michael,Carbajal,Carbajal,1967-09-17
748,Julio,Gervacio,Gervacio,1967-10-01
749,Rafael,del Valle,del Valle,1967-10-16
750,Artur,Grigorian,Grigorian,1967-10-20
751,Gerald,McClellan,McClellan,1967-10-23
752,Michael,Moorer,Moorer,1967-11-12
753,Jose,Bonilla,Bonilla,1967-11-19
754,Cesar,Polanco,Polanco,1967-11-29
755,Giovanni,Parisi,Parisi,1967-12-02
756,Hacine,Cherifi,Cherifi,1967-12-12
757,Otis,Grant,Grant,1967-12-23
758,Paul,Vaden,Vaden,1967-12-29
759,Keith,Mullings,Mullings,1968-01-08
760,Akhmed,Kotiev,Kotiev,1968-01-15
761,Javier,Castillejo,Castillejo,1968-03-22
762,Thongchai,Utaida,Utaida,1968-04-10
763,Richie,Woodhall,Woodhall,1968-04-17
764,Melchor,Cob Castro,Castro,1968-04-18
765,Jose,Quirino,Quirino,1968-04-19
766,Dariusz,Michalczewski,Michalczewski,1968-05-05
767,Alfred,Kotey,Kotey,1968-06-03
768,John,Michael Johnson,Johnson,1968-06-23
769,Terron,Millett,Millett,1968-06-28
770,Lou,Del Valle,Del Valle,1968-07-13
771,Yasuei,Yakushiji,Yakushiji,1968-07-22
772,Saman,Sorjaturong,Sorjaturong,1968-08-02
773,Charles,Murray,Murray,1968-08-18
774,James,Toney,Toney,1968-08-24
775,Johnny,Bredahl,Bredahl,1968-08-27
776,Robbie,Regan,Regan,1968-08-30
777,Darrin,Van Horn,Van Horn,1968-09-07
778,Harold,Mestre,Mestre,1968-09-11
779,Lonnie,Bradley,Bradley,1968-09-16
780,Muangchai,Kittikasem,Kittikasem,1968-11-11
781,Veeraphol,Sahaprom,Sahaprom,1968-11-16
782,Byun,Jung-il,Byun,1968-11-16
783,Antonio,Tarver,Tarver,1968-11-21
784,Steve,Robinson,Robinson,1968-12-13
785,Tommy,Morrison,Morrison,1969-01-02
786,Glen,Johnson,Johnson,1969-01-02
787,Hiroki,Ioka,Ioka,1969-01-08
788,Roy,Jones Jr,Jones Jr,1969-01-16
789,Josue,Camacho,Camacho,1969-01-31
790,Mihai,Leu,Leu,1969-02-13
791,Oleg,Maskaev,Maskaev,1969-03-02
792,Antonio,Cermeno,Cermeno,1969-03-06
793,Manny,Melchor,Melchor,1969-03-14
794,Keith,Holmes,Holmes,1969-03-30
795,Daorung,Chuwatana,Chuwatana,1969-04-01
796,Jorge,Eliecer Julio,Julio,1969-04-04
797,Alberto,Jimenez,Jimenez,1969-04-08
798,Cho,In-joo,Cho,1969-04-13
799,Fabrice,Tiozzo,Tiozzo,1969-05-08
800,Satoshi,Iida,Iida,1969-08-11
801,Julio,Cesar Borboa,Borboa,1969-08-12
802,Giacobbe,Fragomeni,Fragomeni,1969-08-13
803,Keitaro,Hoshino,Hoshino,1969-08-14
804,Kostya,Tszyu,Tszyu,1969-09-19
805,Robert,Quiroga,Quiroga,1969-10-10
806,Charles,Brewer,Brewer,1969-10-15
807,Willie,Jorrin,Jorrin,1969-11-12
808,Daniel,Jimenez,Jimenez,1969-11-21
809,Ike,Quartey,Quartey,1969-11-27
810,Verno,Phillips,Phillips,1969-11-29
811,Jose,Luis Bueno,Bueno,1969-12-08
812,Lee,Hyung-Chul,Lee,1969-12-13
813,Marcelo,Dominguez,Dominguez,1970-01-15
814,Kermin,Guardia,Guardia,1970-01-17
815,Michele,Piccirillo,Piccirillo,1970-01-29
816,Chatchai,Sasakul,Sasakul,1970-02-05
817,Freddie,Norwood,Norwood,1970-02-14
818,Agapito,Sanchez,Sanchez,1970-02-14
819,Katsuya,Onizuka,Onizuka,1970-03-12
820,Will,Grigsby,Grigsby,1970-03-19
821,Gilberto,Serrano,Serrano,1970-03-19
822,Hiroshi,Kawashima,Kawashima,1970-03-27
823,Leonard,Dorin,Dorin,1970-04-10
824,Frankie,Toledo,Toledo,1970-04-12
825,Paulie,Ayala,Ayala,1970-04-22
826,Jorge,Mata,Mata,1970-04-26
827,Rosendo,Alvarez,Alvarez,1970-05-06
828,Joichiro,Tatsuyoshi,Tatsuyoshi,1970-05-15
829,Phillip,Holiday,Holiday,1970-05-23
830,Eamonn,Loughran,Loughran,1970-06-05
831,Montell,Griffin,Griffin,1970-06-06
832,Alimi,Goitia,Goitia,1970-06-28
833,Wayne,McCullough,McCullough,1970-07-07
834,Jason,Matthews,Matthews,1970-07-20
835,Gabriel,Ruelas,Ruelas,1970-07-23
836,Chris,Byrd,Byrd,1970-08-15
837,Istvan,Kovacs,Kovacs,1970-08-17
838,Carl,Daniels,Daniels,1970-08-26
839,Sharmba,Mitchell,Mitchell,1970-08-27
840,William,Joppy,Joppy,1970-09-11
841,Firat,Arslan,Arslan,1970-09-28
842,Gregorio,Vargas,Vargas,1970-10-27
843,Bert,Schenk,Schenk,1970-11-14
844,Miguel,Angel Gonzalez,Angel Gonzalez,1970-11-15
845,Bruno,Girard,Girard,1970-11-25
846,Carlos,Murillo,Murillo,1970-12-10
847,Andrew,Lewis,Lewis,1970-12-14
848,Junior,Jones,Jones,1970-12-20
849,Takashi,Koshimoto,Koshimoto,1971-01-05
850,Carlos,Hernandez,Hernandez,1971-01-23
851,Vernon,Forrest,Forrest,1971-02-12
852,Robin,Reid,Reid,1971-02-19
853,Nelson,Dieppa,Dieppa,1971-02-25
854,Luis,Alberto Lazarte,Lazarte,1971-03-04
855,Bronco,McKart,McKart,1971-03-20
856,Irene,Pacheco,Pacheco,1971-03-26
857,Manuel,Medina,Medina,1971-03-30
858,James,Page,Page,1971-04-01
859,Tim,Austin,Austin,1971-04-14
860,Rafael,Ruelas,Ruelas,1971-04-26
861,Markus,Beyer,Beyer,1971-04-28
862,Carlos,Baldomir,Baldomir,1971-04-30
863,Travis,Simms,Simms,1971-05-01
864,Somchai,Chertchai,Chertchai,1971-05-18
865,Eric,Lucas,Lucas,1971-05-29
866,Eddie,Hopson,Hopson,1971-06-30
867,Joel,Casamayor,Casamayor,1971-07-12
868,Vitali,Klitschko,Klitschko,1971-07-19
869,Lehlo,Ledwaba,Ledwaba,1971-07-27
870,Luis,Ramon Campas,Campas,1971-08-06
871,Mark,Johnson,Johnson,1971-08-13
872,Lovemore,Ndou,Ndou,1971-08-16
873,Herbie,Hide,Hide,1971-08-27
874,Raul,Marquez,Marquez,1971-08-28
875,Shane,Mosley,Mosley,1971-09-07
876,Cesar,Soto,Soto,1971-09-17
877,Carlos,Maussa,Maussa,1971-09-24
878,Baek,Jong-kwon,Baek,1971-11-07
879,Winky,Wright,Wright,1971-11-26
880,Shannon,Briggs,Briggs,1971-12-04
881,Harold,Grey,Grey,1971-12-20
882,Muhammad,Rachman,Rachman,1971-12-23
883,John,Ruiz,Ruiz,1972-01-04
884,Salim,Medjkoune,Medjkoune,1972-01-04
885,Shinji,Takehara,Takehara,1972-01-25
886,Simphiwe,Nongqayi,Nongqayi,1972-02-18
887,Choi,Yo-sam,Choi,1972-03-01
888,Nate,Campbell,Campbell,1972-03-07
889,Lakva,Sim,Sim,1972-03-10
890,Glenn,Catley,Catley,1972-03-15
891,Joe,Calzaghe,Calzaghe,1972-03-23
892,Jose,Lopez,Lopez,1972-03-29
893,Julien,Lorcy,Lorcy,1972-04-12
894,Arturo,Gatti,Gatti,1972-04-15
895,Imamu,Mayfield,Mayfield,1972-04-19
896,Clinton,Woods,Woods,1972-05-01
897,Guillermo,Jones,Jones,1972-05-05
898,Daniel,Reyes,Reyes,1972-05-05
899,Jean,Marc Mormeck,Mormeck,1972-06-03
900,Carlos,Gonzalez,Gonzalez,1972-06-15
901,Paul,Ingle,Ingle,1972-06-22
902,Enrique,Sanchez,Sanchez,1972-07-16
903,Mbulelo,Botile,Botile,1972-07-23
904,Juan,Domingo Cordoba,Cordoba,1972-08-06
905,Gerry,Penalosa,Penalosa,1972-08-07
906,Choi,Yong-soo ,Choi,1972-08-20
907,Derrick,Gainer,Gainer,1972-08-22
908,Felix,Machado,Machado,1972-08-22
909,Stevie,Johnston,Johnston,1972-09-28
910,Harry,Simon,Simon,1972-10-21
911,Hasim,Rahman,Rahman,1972-11-07
912,Jesus,Chavez,Chavez,1972-11-12
913,Adonis,Rivas,Rivas,1972-12-07
914,Roman,Karmazin,Karmazin,1973-01-02
915,Felix,Trinidad,Trinidad,1973-01-10
916,Mauricio,Pastrana,Pastrana,1973-01-20
917,Oscar,De La Hoya,De La Hoya,1973-02-04
918,Celes,Kobayashi,Kobayashi,1973-02-27
919,Masibulele,Makepula,Makepula,1973-03-03
920,Danny,Green,Green,1973-03-09
921,Hideki,Todaka,Todaka,1973-03-16
922,Jose,Antonio Rivera,Rivera,1973-04-07
923,Joma,Gamboa,Gamboa,1973-04-25
924,Cornelius,Bundrage,Bundrage,1973-04-25
925,Hector,Javier Velazco,Velazco,1973-05-20
926,Jose,Luis Lopez,Lopez,1973-05-28
927,Alex,Sanchez,Sanchez,1973-06-05
928,Lamon,Brewster,Brewster,1973-06-05
929,Stipe,Drews,Drews,1973-06-08
930,Chi,In-jin,Chi,1973-07-18
931,Juan,Carlos Gomez,Gomez,1973-07-26
932,Armand,Krajnc,Krajnc,1973-08-07
933,Morris,East,East,1973-08-08
934,Alejandro,Gonzalez,Gonzalez,1973-08-11
935,Ruben,Sanchez Leon,Leon,1973-08-21
936,Nikolai,Valuev,Valuev,1973-08-21
937,Juan,Manuel Marquez,Marquez,1973-08-23
938,Diosbelys,Hurtado,Hurtado,1973-09-04
939,Javier,Jauregui,Jauregui,1973-09-05
940,David,Reid,Reid,1973-09-17
941,Ricardo,Mayorga,Mayorga,1973-10-03
942,Raul,Horacio Balbi,Balbi,1973-10-07
943,Ener,Julio,Julio,1973-10-14
944,Mzonke,Fana,Fana,1973-10-29
945,Byron,Mitchell,Mitchell,1973-10-31
946,Robbie,Peden,Peden,1973-11-11
947,Sam,Soliman,Soliman,1973-11-13
948,Jose,Luis Castillo,Castillo,1973-12-14
949,Leavander,Johnson,Johnson,1973-12-24
950,Marco,Antonio Barrera,Barrera,1974-01-17
951,Santiago,Samaniego,Samaniego,1974-01-25
952,Naseem,Hamed,Hamed,1974-02-12
953,Keiji,Yamaguchi,Yamaguchi,1974-02-17
954,Junior,Witter,Witter,1974-03-10
955,Vassiliy,Jirov,Jirov,1974-04-04
956,Jose,Burgos,Burgos,1974-04-10
957,Sornpichai,Kratingdaenggym,Kratingdaenggym,1974-05-01
958,Cruz,Carbajal,Carbajal,1974-05-03
959,Barry,Jones,Jones,1974-05-03
960,Noel,Arambulet,Arambulet,1974-05-18
961,Zsolt,Erdei,Erdei,1974-05-31
962,DeMarcus,Corley,Corley,1974-06-03
963,Ratanapol,Sor Vorapin,Vorapin,1974-06-06
964,Beibis,Mendoza,Mendoza,1974-06-20
965,Clarence,Adams,Adams,1974-07-06
966,Danny,Romero Jr,Romero Jr,1974-07-12
967,Jose,Antonio Lopez Bueno,Bueno,1974-08-16
968,Theera,Phongwan,Phongwan,1974-08-17
969,Daisuke,Naito,Naito,1974-08-30
970,Guty,Espadas Jr,Espadas Jr,1974-09-02
971,Eidy,Moya,Moya,1974-09-04
972,Randall,Bailey,Bailey,1974-09-13
973,Edgar,Cardenas,Cardenas,1974-09-16
974,Masamori,Tokuyama,Tokuyama,1974-09-17
975,Katsushige,Kawashima,Kawashima,1974-10-06
976,Cassius,Baloyi,Baloyi,1974-11-05
977,Valdemir,Pereira,Pereira,1974-11-15
978,Cesar,Bazan,Bazan,1974-12-13
979,Yokthai,Sithoar,Sithoar,1974-12-25
980,O'Neil,Bell,Bell,1974-12-29
981,Ivan,Calderon,Calderon,1975-01-27
982,Roberto,Garcia,Garcia,1975-01-29
983,Sompoch,Harnvichachai,Harnvichachai,1975-01-31
984,Gairy,St Clair,St Clair,1975-02-02
985,Isaac,Bustos,Bustos,1975-02-16
986,Sergio,Martinez,Martinez,1975-02-21
987,Cristian,Sanavia,Sanavia,1975-02-27
988,Sultan,Ibragimov,Ibragimov,1975-03-08
989,Souleymane,M'baye,M'baye,1975-03-21
990,Mahyar,Monshipour,Monshipour,1975-03-21
991,Rafael,Marquez,Marquez,1975-03-25
992,Victor,Godoi,Godoi,1975-03-31
993,Mauricio,Martinez,Martinez,1975-05-20
994,Anthony,Mundine,Mundine,1975-05-21
995,Julio,Pablo Chacon,Chacon,1975-05-22
996,Brian,Magee,Magee,1975-06-09
997,Jose,Antonio Aguirre,Aguirre,1975-07-05
998,Takanori,Hatakeyama,Hatakeyama,1975-07-28
999,Wayne,Braithwaite,Braithwaite,1975-08-09
1000,Paul,Spadafora,Spadafora,1975-09-05
1001,Pedro,Alcazar,Alcazar,1975-09-16
1002,Zolani,Petelo,Petelo,1975-09-21
1003,Acelino,Freitas,Freitas,1975-09-21
1004,Omar,Narvaez,Narvaez,1975-10-07
1005,Eric,Morel,Morel,1975-10-10
1006,Daniel,Santos,Santos,1975-10-10
1007,Manny,Siaca,Siaca,1975-11-21
1008,Vic,Darchinyan,Darchinyan,1976-01-07
1009,Eduardo,Ray Marquez,Marquez,1976-02-05
1010,Serhiy,Dzinziruk,Dzinziruk,1976-03-01
1011,Dejan,Zavec,Zavec,1976-03-13
1012,Joachim,Alcine,Alcine,1976-03-24
1013,Wladimir,Klitschko,Klitschko,1976-03-25
1014,Joan,Guzman,Guzman,1976-05-01
1015,Mehdi,Sahnoune,Sahnoune,1976-05-05
1016,Omar,Nino Romero,Romero,1976-05-12
1017,Isidro,Garcia,Garcia,1976-05-15
1018,Siarhei,Liakhovich,Liakhovich,1976-05-29
1019,Yuriy,Nuzhnenko,Nuzhnenko,1976-06-02
1020,David,Diaz,Diaz,1976-06-07
1021,Celestino,Caballero,Caballero,1976-06-21
1022,Steve,Cunningham,Cunningham,1976-07-15
1023,Toshiaki,Nishioka,Nishioka,1976-07-25
1024,Julio,Cesar Gonzalez,Gonzalez,1976-07-30
1025,Jorge,Rodrigo Barrios,Barrios,1976-08-01
1026,Alejandro,Berrio,Berrio,1976-08-07
1027,Sutep,Wangmuk,Wangmuk,1976-08-23
1028,Erik,Morales,Morales,1976-09-01
1029,Volodymyr,Sydorenko,Sydorenko,1976-09-23
1030,Chaiya,Pothang,Pothang,1976-11-01
1031,Oscar,Larios,Larios,1976-11-01
1032,Carlos,Quintana,Quintana,1976-11-06
1033,Nestor,Garza,Garza,1976-11-24
1034,Tomasz,Adamek,Adamek,1976-12-01
1035,Osamu,Sato,Sato,1976-12-16
1036,Martin,Castillo,Castillo,1977-01-13
1037,Floyd,Mayweather Jr,Mayweather Jr,1977-02-24
1038,Steve,Forbes,Forbes,1977-02-26
1039,Sirimongkhon,Iamthuam,Iamthuam,1977-03-02
1040,Vyacheslav,Senchenko,Senchenko,1977-04-12
1041,Jeff,Lacy,Lacy,1977-05-12
1042,Eric,Ortiz,Ortiz,1977-05-19
1043,Cristobal,Cruz,Cruz,1977-05-19
1044,Eric,Jamili,Jamili,1977-05-20
1045,Carl,Froch,Froch,1977-07-02
1046,Somsak,Sithchatchawal,Sithchatchawal,1977-07-17
1047,Pongsaklek,Wonjongkam,Wonjongkam,1977-08-11
1048,Scott,Harrison,Harrison,1977-08-19
1049,Diego,Corrales,Corrales,1977-08-25
1050,Adonis,Stevenson,Stevenson,1977-09-22
1051,Isaac,Hlatshwayo,Hlatshwayo,1977-10-04
1052,Joshua,Clottey,Clottey,1977-10-06
1053,Gilberto,Keb Baas,Baas,1977-10-21
1054,Zab,Judah,Judah,1977-10-27
1055,Fernando,Vargas,Vargas,1977-12-07
1056,Malcolm,Tunacao,Tunacao,1977-12-08
1057,Israel,Vazquez,Vazquez,1977-12-25
1058,Andriy,Kotelnik,Kotelnik,1977-12-29
1059,Denis,Inkin,Inkin,1978-01-07
1060,Takalani,Ndlovu,Ndlovu,1978-01-11
1061,Alberto,Rossel,Rossel,1978-01-25
1062,Cory,Spinks,Spinks,1978-02-20
1063,Somporn,Seeta,Seeta,1978-03-10
1064,Antonio,Margarito,Margarito,1978-03-18
1065,Hugo,Cazares,Cazares,1978-03-24
1066,Luis,Alberto Perez,Perez,1978-04-06
1067,Miguel,Acosta,Acosta,1978-04-20
1068,Kelvin,Davis,Davis,1978-05-26
1069,Moses,Paulus,Paulus,1978-06-04
1070,Adrian,Diaconu,Diaconu,1978-06-09
1071,Vivian,Harris,Harris,1978-06-17
1072,Alex,Arthur,Arthur,1978-06-26
1073,Boonsai,Sangsurat,Sangsurat,1978-07-12
1074,Ishe,Smith,Smith,1978-07-22
1075,Jermain,Taylor,Taylor,1978-08-11
1076,Lorenzo,Parra,Parra,1978-08-19
1077,Yutaka,Niida,Niida,1978-10-02
1078,Juergen,Braehmer,Braehmer,1978-10-05
1079,Ricky,Hatton,Hatton,1978-10-06
1080,Ruslan,Chagaev,Chagaev,1978-10-19
1081,Bermane,Stiverne,Stiverne,1978-11-01
1082,Miguel,Barrera,Barrera,1978-11-15
1083,Dmitry,Kirillov,Kirillov,1978-11-24
1084,Eagle,Kyowa,Kyowa,1978-12-04
1085,Kassim,Ouma,Ouma,1978-12-12
1086,Manny,Pacquiao,Pacquiao,1978-12-17
1087,Gabriel,Campillo,Campillo,1978-12-19
1088,Yonnhy,Perez,Perez,1979-01-18
1089,Brahim,Asloum,Asloum,1979-01-31
1090,Felix,Sturm,Sturm,1979-01-31
1091,Alexander,Munoz,Munoz,1979-02-08
1092,Mikkel,Kessler,Kessler,1979-03-01
1093,Fernando,Montiel,Montiel,1979-03-01
1094,Sakio,Bika,Bika,1979-04-18
1095,Nehomar,Cermeno,Cermeno,1979-06-07
1096,Jeffrey,Mathebula,Mathebula,1979-06-22
1097,Alejandro,Garcia,Garcia,1979-07-18
1098,Karoly,Balzsay,Balzsay,1979-07-23
1099,Jorge,Arce,Arce,1979-07-27
1100,Denis,Lebedev,Lebedev,1979-08-14
1101,Edgar,Sosa,Sosa,1979-08-23
1102,Grigory,Drozd,Drozd,1979-08-26
1103,Alexander,Povetkin,Povetkin,1979-09-02
1104,Nicky,Cook,Cook,1979-09-13
1105,Chris,John,John,1979-09-14
1106,Kermit,Cintron,Cintron,1979-10-22
1107,Roberto,Carlos Leyva,Leyva,1979-10-27
1108,Takashi,Uchiyama,Uchiyama,1979-11-10
1109,Vicente,Mosquera,Mosquera,1979-12-09
1110,Diego,Morales,Morales,1979-12-11
1111,Amnat,Ruenroeng,Ruenroeng,1979-12-18
1112,Julio,Diaz,Diaz,1979-12-24
1113,Takefumi,Sakata,Sakata,1980-01-29
1114,Dimitri,Sartison,Sartison,1980-02-04
1115,On,Doowiset,Doowiset,1980-02-05
1116,Bernard,Dunne,Dunne,1980-02-06
1117,Ricardo,Torres,Torres,1980-02-16
1118,Arthur,Abraham,Abraham,1980-02-20
1119,Stuart,Hall,Hall,1980-02-24
1120,Lucian,Bute,Bute,1980-02-28
1121,Joseph,Agbeko,Agbeko,1980-03-22
1122,Steve,Molitor,Molitor,1980-04-04
1123,Eric,Aiken,Aiken,1980-04-08
1124,Gavin,Rees,Rees,1980-05-10
1125,Humberto,Soto,Soto,1980-05-11
1126,Julio,Cesar Miranda,Miranda,1980-05-19
1127,Florante,Condes,Condes,1980-05-20
1128,Eduard,Troyanovsky,Troyanovsky,1980-05-30
1129,Tomas,Rojas,Rojas,1980-06-12
1130,Dmitry,Pirog,Pirog,1980-06-27
1131,Sebastian,Sylvester,Sylvester,1980-07-09
1132,Daniel,Ponce de Leon,De Leon,1980-07-27
1133,Mike,Alvarado,Alvarado,1980-07-28
1134,Yuri,Foreman,Foreman,1980-08-05
1135,Paulus,Ambunda,Ambunda,1980-08-06
1136,Enzo,Maccarinelli,Maccarinelli,1980-08-20
1137,Samuel,Peter,Peter,1980-09-06
1138,Guillermo,Rigondeaux,Rigondeaux,1980-09-30
1139,Juan,Urango,Urango,1980-10-04
1140,David,Haye,Haye,1980-10-13
1141,Miguel,Cotto,Cotto,1980-10-29
1142,Orlando,Salido,Salido,1980-11-16
1143,Prakorb,Udomna,Udomna,1980-11-20
1144,Paul,Malignaggi,Malignaggi,1980-11-23
1145,Kohei,Kono,Kono,1980-11-23
1146,Brian,Viloria,Viloria,1980-11-24
1147,Hugo,Garay,Garay,1980-11-27
1148,Sergio,Mora,Mora,1980-12-04
1149,Hozumi,Hasegawa,Hasegawa,1980-12-16
1150,Simpiwe,Vetyeka,Vetyeka,1980-12-24
1151,Cesar,Cuenca,Cuenca,1981-01-18
1152,Gamaliel,Diaz,Diaz,1981-02-14
1153,Damrong,Kongsuk,Kongsuk,1981-02-15
1154,Daniel,Geale,Geale,1981-02-26
1155,Steve,Luevano,Luevano,1981-03-03
1156,Luis,Collazo,Collazo,1981-04-22
1157,Shiming,Zou,Zou,1981-05-18
1158,Kendall,Holt,Holt,1981-06-14
1159,Robert,Stieglitz,Stieglitz,1981-06-20
1160,Tomonobu,Shimizu,Shimizu,1981-06-28
1161,Raymundo,Beltran,Beltran,1981-07-23
1162,Paul,Williams,Williams,1981-07-27
1163,Rodel,Mayol,Mayol,1981-08-09
1164,Ulises,Solis,Solis,1981-08-28
1165,Jhonny,Gonzalez,Gonzalez,1981-09-15
1166,Krzysztof,Wlodarczyk,Wlodarczyk,1981-09-19
1167,Cristian,Mijares,Mijares,1981-10-02
1168,Yusuke,Kobori,Kobori,1981-10-11
1169,Nobuo,Nashiro,Nashiro,1981-10-12
1170,Ganigan,Lopez,Lopez,1981-11-12
1171,Malcolm,Klassen,Klassen,1981-12-03
1172,Edwin,Valero,Valero,1981-12-03
1173,Yuriorkis,Gamboa,Gamboa,1981-12-23
1174,Tavoris,Cloud,Cloud,1982-01-10
1175,Oswaldo,Novoa,Novoa,1982-02-02
1176,Sebastian,Zbik,Zbik,1982-03-17
1177,Liborio,Solis,Solis,1982-03-21
1178,Sonny,Boy Jaro,Jaro,1982-03-24
1179,Giovani,Segura,Segura,1982-04-01
1180,Kelly,Pavlik,Pavlik,1982-04-05
1181,Gennadiy,Golovkin,Golovkin,1982-04-08
1182,Mike,Anchondo,Anchondo,1982-04-15
1183,Donnie,Nietes,Nietes,1982-05-12
1184,Darren,Barker,Barker,1982-05-19
1185,Lee,Ryol-li,Lee,1982-05-20
1186,Vitali,Tajbert,Tajbert,1982-05-25
1187,Suriyan,Satorn,Satorn,1982-06-18
1188,Chad,Dawson,Dawson,1982-07-13
1189,Richar,Abril,Abril,1982-08-10
1190,Raul,Garcia,Garcia,1982-09-10
1191,Ramon,Garcia Hirales,Hirales,1982-09-10
1192,Elio,Rojas,Rojas,1982-09-25
1193,Lucas,Martin Matthysse,Matthysse,1982-09-27
1194,Xiong,Chaozhong,Xiong,1982-10-03
1195,Moruti,Mthalane,Mthalane,1982-10-06
1196,Shinsuke,Yamanaka,Yamanaka,1982-10-11
1197,Jean,Pascal,Pascal,1982-10-28
1198,Nonito,Donaire,Donaire,1982-11-16
1199,Ivan,Hernandez,Hernandez,1982-11-24
1200,Tony,Bellew,Bellew,1982-11-30
1201,Khabib,Allakhverdiev,Allakhverdiev,1982-12-08
1202,Nkosinathi,Joyi,Joyi,1983-01-01
1203,Lee,Haskins,Haskins,1983-01-29
1204,Roman,Martinez,Martinez,1983-01-31
1205,Victor,Terrazas,Terrazas,1983-02-11
1206,Julius,Indongo,Indongo,1983-02-12
1207,Akira,Yaegashi,Yaegashi,1983-02-25
1208,Carlos,Tamara,Tamara,1983-03-15
1209,Robert,Guerrero,Guerrero,1983-03-27
1210,Sergey,Kovalev,Kovalev,1983-04-02
1211,Erislandy,Lara,Lara,1983-04-11
1212,Ricky,Burns,Burns,1983-04-13
1213,Katsunari,Takayama,Takayama,1983-05-12
1214,Carlos,Molina,Molina,1983-05-25
1215,Roberto,Vasquez,Vasquez,1983-05-26
1216,Peter,Quillin,Quillin,1983-06-22
1217,Mickey,Bey,Bey,1983-06-27
1218,Juan,Manuel Lopez,Lopez,1983-06-30
1219,Marcos,Maidana,Maidana,1983-07-17
1220,Beibut,Shumenov,Shumenov,1983-08-19
1221,Juan,Carlos Reveco,Reveco,1983-08-21
1222,Timothy,Bradley Jr,Bradley Jr,1983-08-29
1223,Andre,Berto,Berto,1983-09-07
1224,Caleb,Truax,Truax,1983-09-14
1225,Darleys,Perez,Perez,1983-09-14
1226,Juan,Diaz,Diaz,1983-09-17
1227,Rodolfo,Lopez,Lopez,1983-09-18
1228,Ricardo,Cordoba,Cordoba,1983-10-11
1229,Badou,Jack,Jack,1983-10-31
1230,Zhanat,Zhakiyanov,Zhakiyanov,1983-11-04
1231,Jose,Alfaro,Alfaro,1983-11-22
1232,Yu,Kimura,Kimura,1983-11-23
1233,Viktor,Postol,Postol,1984-01-16
1234,Toshiyuki,Igarashi,Igarashi,1984-01-17
1235,Merlito,Sabillo,Sabillo,1984-01-19
1236,Ruslan,Provodnikov,Provodnikov,1984-01-20
1237,Lamont,Peterson,Peterson,1984-01-24
1238,Jonathan,Victor Barros,Barros,1984-01-30
1239,Hassan,N'Dam N'Jikam,N'Jikam,1984-02-18
1240,Andre,Ward,Ward,1984-02-23
1241,Chris,Algieri,Algieri,1984-03-02
1242,Victor,Emilio Ramirez,Ramirez,1984-03-30
1243,Yota,Sato,Sato,1984-04-01
1244,Takahiro,Ao,Ao,1984-04-06
1245,Eleider,Alvarez,Alvarez,1984-04-08
1246,Juan,Carlos Payano,Payano,1984-04-12
1247,Dejan,Zlaticanin,Zlaticanin,1984-04-23
1248,Takashi,Miura,Miura,1984-05-14
1249,Andy,Lee,Lee,1984-06-11
1250,Wilfredo,Vazquez Jr,Vazquez Jr,1984-06-18
1251,Ekkawit,Songnui,Songnui,1984-08-18
1252,Giovanni,De Carolis,De Carolis,1984-08-21
1253,Akifumi,Shimoda,Shimoda,1984-09-11
1254,Manuel,Charr,Charr,1984-10-10
1255,Anthony,Dirrell,Dirrell,1984-10-14
1256,Yoan,Pablo Hernandez,Hernandez,1984-10-28
1257,Marco,Huck,Huck,1984-11-11
1258,Juan,Alberto Rosas,Rosas,1984-11-28
1259,Juan,Carlos Salgado,Salgado,1984-12-20
1260,Francisco,Vargas,Vargas,1984-12-25
1261,Mairis,Briedis,Briedis,1985-01-13
1262,Artur,Beterbiev,Beterbiev,1985-01-21
1263,Zaurbek,Baysangurov,Baysangurov,1985-03-02
1264,Anselmo,Moreno,Moreno,1985-06-28
1265,Kittipong,Jaigrajang,Jaigrajang,1985-07-17
1266,Billy,Dib,Dib,1985-08-17
1267,Jorge,Linares,Linares,1985-08-22
1268,Austin,Trout,Trout,1985-09-18
1269,Moises,Fuentes,Fuentes,1985-09-20
1270,Jack,Culcay,Culcay,1985-09-26
1271,Luis,Concepcion,Concepcion,1985-10-06
1272,Deontay,Wilder,Wilder,1985-10-22
1273,Wanheng,Menayothin,Menayothin,1985-10-27
1274,Jamel,Herring,Herring,1985-10-30
1275,Abner,Mares,Mares,1985-11-28
1276,McJoe,Arroyo,Arroyo,1985-12-05
1277,Nicholas,Walters,Walters,1986-01-04
1278,Antonio,DeMarco,DeMarco,1986-01-07
1279,Adrian,Hernandez,Hernandez,1986-01-10
1280,Ryota,Murata,Murata,1986-01-12
1281,James,DeGale,DeGale,1986-02-03
1282,Julio,Cesar Chavez Jr,Chavez Jr,1986-02-16
1283,Kiko,Martinez,Martinez,1986-03-07
1284,Yuniel,Dorticos,Dorticos,1986-03-11
1285,Jamie,McDonnell,McDonnell,1986-03-30
1286,Charles,Martin,Martin,1986-04-24
1287,Brandon,Rios,Rios,1986-04-29
1288,Kell,Brook,Brook,1986-05-03
1289,Rances,Barthelemy,Barthelemy,1986-06-25
1290,Algenis,Mendez,Mendez,1986-07-03
1291,Yordenis,Ugas,Ugas,1986-07-14
1292,Krzysztof,Glowacki,Glowacki,1986-07-31
1293,Nordine,Oubaali,Oubaali,1986-08-04
1294,Evgeny,Gradovich,Gradovich,1986-08-07
1295,TJ,Doheny,Doheny,1986-11-02
1296,Anthony,Crolla,Crolla,1986-11-16
1297,Koki,Kameda,Kameda,1986-11-17
1298,Ryoichi,Taguchi,Taguchi,1986-12-01
1299,Amir,Khan,Khan,1986-12-08
1300,Srisaket,Sor Rungvisai,Sor Rungvisai,1986-12-08
1301,Jhonatan,Romero,Romero,1986-12-14
1302,Jesus,M Rojas,M Rojas,1986-12-26
1303,Jesus,Cuellar,Cuellar,1986-12-28
1304,Miguel,Vazquez,Vazquez,1987-01-06
1305,Oleksandr,Usyk,Usyk,1987-01-17
1306,Victor,Ortiz,Ortiz,1987-01-31
1307,Daniel,Jacobs,Jacobs,1987-02-03
1308,Devon,Alexander,Alexander,1987-02-10
1309,Rau'shee,Warren,Warren,1987-02-13
1310,Lee,Selby,Selby,1987-02-14
1311,Nathan,Cleverly,Cleverly,1987-02-17
1312,Carl,Frampton,Frampton,1987-02-21
1313,Juan,Hernandez,Hernandez,1987-02-24
1314,Richard,Commey,Commey,1987-03-10
1315,Oleksandr,Gvozdyk,Gvozdyk,1987-04-15
1316,Oscar,Rivas,Rivas,1987-06-06
1317,Roman,Gonzalez,Chocolatito,1987-06-16
1318,Rico,Ramos,Ramos,1987-06-20
1319,Rocky,Fielding,Fielding,1987-08-05
1320,Artem,Dalakian,Dalakian,1987-08-10
1321,Fedor,Chudinov,Chudinov,1987-09-15
1322,Terence,Crawford,Crawford,1987-09-28
1323,Arsen,Goulamirian,Goulamirian,1987-10-04
1324,Shawn,Porter,Porter,1987-10-27
1325,Ilunga,Makabu,Makabu,1987-11-08
1326,Mikey,Garcia,Garcia,1987-12-15
1327,Rodrigo,Guerrero,Guerrero,1988-01-10
1328,Jeff,Horn,Horn,1988-02-04
1329,Vasyl,Lomachenko,Lomachenko,1988-02-17
1330,Jesus,Geles,Geles,1988-02-22
1331,Demetrius,Andrade,Andrade,1988-02-26
1332,Milan,Melindo,Melindo,1988-02-29
1333,Zolani,Tete,Tete,1988-03-08
1334,Jason,Sosa,Sosa,1988-03-10
1335,Danny,Garcia,Garcia,1988-03-20
1336,George,Groves,Groves,1988-03-26
1337,Hekkie,Budler,Budler,1988-05-18
1338,Yukinori,Oguni,Oguni,1988-05-19
1339,Gary,Russell Jr,Russell Jr,1988-06-05
1340,Liam,Smith,Smith,1988-07-27
1341,Jamal,James,James,1988-07-27
1342,Leigh,Wood,Wood,1988-08-01
1343,Leo,Santa Cruz,Cruz,1988-08-10
1344,Tyson,Fury,Fury,1988-08-12
1345,David,Avanesyan,Avanesyan,1988-08-15
1346,Ryo,Miyazaki,Miyazaki,1988-08-20
1347,Carlos,Cuadras,Cuadras,1988-08-24
1348,Hernan,Marquez,Marquez,1988-09-04
1349,Panya,Uthok,Uthok,1988-09-08
1350,Hugo,Ruiz,Ruiz,1988-09-21
1351,Sadam,Ali,Ali,1988-09-26
1352,Mario,Rodriguez,Rodriguez,1988-10-06
1353,Scott,Quigg,Quigg,1988-10-09
1354,Jose,Argumedo,Argumedo,1988-10-14
1355,Andrew,Cancio,Cancio,1988-10-21
1356,Paul,Butler,Butler,1988-11-11
1357,Panthep,Mullipoom,Mullipoom,1988-11-22
1358,Keith,Thurman,Thurman,1988-11-23
1359,Sho,Kimura,Kimura,1988-11-24
1360,David,Lemieux,Lemieux,1988-12-22
1361,Daiki,Kameda,Kameda,1989-01-06
1362,Regis,Prograis,Prograis,1989-01-24
1363,Rene,Alvarado,Alvarado,1989-02-15
1364,Felix,Alvarado,Alvarado,1989-02-15
1365,Suriyan,Kaikanha,Kaikanha,1989-03-02
1366,Sergey,Lipinets,Lipinets,1989-03-23
1367,Kazuto,Ioka,Ioka,1989-03-24
1368,Tatsuya,Fukuhara,Fukuhara,1989-05-08
1369,Jose,Pedraza,Pedraza,1989-05-08
1370,Jessie,Vargas,Vargas,1989-05-10
1371,Pedro,Guevara,Guevara,1989-06-07
1372,Terry,Flanagan,Flanagan,1989-06-11
1373,Khalid,Yafai,Yafai,1989-06-11
1374,Javier,Fortuna,Fortuna,1989-07-15
1375,Jonathan,Guzman,Guzman,1989-07-17
1376,Adrien,Broner,Broner,1989-07-28
1377,Maurice,Hooker,Hooker,1989-08-07
1378,Trevor,Bryan,Bryan,1989-08-23
1379,Billy,Joe Saunders,Saunders,1989-08-30
1380,Andy,Ruiz Jr,Ruiz Jr,1989-09-11
1381,Brian,Carlos Castano,Castano,1989-09-12
1382,Joe,Smith Jr,Smith Jr,1989-09-20
1383,Anthony,Joshua,Joshua,1989-10-15
1384,Kiryl,Relikh,Relikh,1989-11-26
1385,Omar,Figueroa Jr,Figueroa Jr,1989-12-13
1386,Ryosuke,Iwasa,Iwasa,1989-12-26
1387,John,Riel Casimero,Casimero,1990-02-13
1388,Errol,Spence Jr,Spence Jr,1990-03-03
1389,Kid,Galahad,Galahad,1990-03-03
1390,Julian,Williams,Williams,1990-04-05
1391,Shun,Kubo,Kubo,1990-04-08
1392,Juan,Francisco Estrada,Estrada,1990-04-14
1393,Callum,Smith,Smith,1990-04-23
1394,Daniel,Roman,Roman,1990-05-10
1395,Jermell,Charlo,Charlo,1990-05-19
1396,Jermall,Charlo,Charlo,1990-05-19
1397,Byron,Rojas,Rojas,1990-06-23
1398,Canelo,Alvarez,Canelo,1990-07-18
1399,Marvin,Sonsona,Sonsona,1990-07-25
1400,Tevin,Farmer,Farmer,1990-07-30
1401,Jarrett,Hurd,Hurd,1990-08-31
1402,Tony,Harrison,Harrison,1990-09-06
1403,Alberto,Machado,Machado,1990-09-09
1404,Knockout,CP Freshmart,CP Freshmart,1990-09-20
1405,Randy,Caballero,Caballero,1990-09-27
1406,Rob,Brant,Brant,1990-10-02
1407,Angel,Acosta,Acosta,1990-10-08
1408,Victorio,Saludar,Saludar,1990-11-03
1409,Josh,Warrington,Warrington,1990-11-14
1410,Rey,Vargas,Vargas,1990-11-25
1411,Patrick,Teixeira,Teixeira,1990-12-05
1412,Dmitry,Bivol,Bivol,1990-12-18
1413,Oscar,Valdez,Valdez,1990-12-22
1414,Jose,Uzcategui,Uzcategui,1990-12-24
1415,Josh,Taylor,Taylor,1991-01-02
1416,Juan,Carlos Sanchez Jr,Sanchez Jr,1991-01-08
1417,Andrew,Moloney,Moloney,1991-01-10
1418,Masayuki,Ito,Ito,1991-01-19
1419,Robert,Easter Jr,Easter Jr,1991-01-26
1420,Panya,Pradabsri,Pradabsri,1991-02-21
1421,Javier,Mendoza,Mendoza,1991-03-05
1422,Jonathan,Gonzalez,Gonzalez,1991-04-24
1423,Gilberto,Ramirez,Ramirez,1991-06-19
1424,Tomoki,Kameda,Kameda,1991-07-12
1425,Jezzrel,Corrales,Corrales,1991-07-12
1426,Jessie,Magdaleno,Magdaleno,1991-11-08
1427,Miguel,Berchelt,Berchelt,1991-11-17
1428,Jerwin,Ancajas,Ancajas,1992-01-01
1429,Kenshiro,Teraji,Teraji,1992-01-06
1430,Joseph,Parker,Parker,1992-01-09
1431,Marlon,Tapales,Tapales,1992-03-23
1432,Tyron,Zeuge,Zeuge,1992-05-12
1433,Ryan,Burnett,Burnett,1992-05-21
1434,Caleb,Plant,Plant,1992-07-08
1435,Masamichi,Yabuki,Yabuki,1992-07-09
1436,Emmanuel,Rodriguez,Rodriguez,1992-08-08
1437,Jose,Ramirez,Ramirez,1992-08-12
1438,Julio,Ceja,Ceja,1992-11-18
1439,Joseph,Diaz,Diaz,1992-11-23
1440,Ryad,Merhy,Merhy,1992-11-28
1441,Lawrence,Okolie,Okolie,1992-12-16
1442,Ivan,Baranchyk,Baranchyk,1993-01-24
1443,Charlie,Edwards,Edwards,1993-02-08
1444,Carlos,Canizales,Canizales,1993-03-11
1445,Naoya,Inoue,Inoue,1993-04-10
1446,Francisco,Rodriguez Jr,Rodriguez Jr,1993-07-10
1447,Murat,Gassiev,Gassiev,1993-10-12
1448,Hiroto,Kyoguchi,Kyoguchi,1993-11-27
1449,Xu,Can,Xu,1994-03-09
1450,Angelo,Leo,Leo,1994-05-15
1451,Stephen,Fulton,Fulton,1994-07-17
1452,Isaac,Dogboe,Dogboe,1994-09-26
1453,Cristofer,Rosales,Rosales,1994-10-06
1454,Murodjon,Akhmadaliev,Akhmadaliev,1994-11-02
1455,Gervonta,Davis,Davis,1994-11-07
1456,Luis,Nery,Nery,1994-12-12
1457,Emanuel,Navarrete,Navarrete,1995-01-17
1458,Julio,Cesar Martinez,Martinez,1995-01-27
1459,Carlos,Licona,Licona,1995-03-03
1460,Jeison,Rosario,Rosario,1995-04-07
1461,Ryuya,Yamanaka,Yamanaka,1995-04-11
1462,Roger,Gutierrez,Gutierrez,1995-04-11
1463,Mario,Barrios,Barrios,1995-05-18
1464,Kosei,Tanaka,Tanaka,1995-06-15
1465,DeeJay,Kriel,Kriel,1995-06-20
1466,Daigo,Higa,Higa,1995-08-09
1467,Esteban,Bermudez,Bermudez,1995-10-11
1468,Joshua,Franco,Franco,1995-10-27
1469,Sunny,Edwards,Edwards,1996-01-01
1470,Rene,Mark Cuarto,Cuarto,1996-08-04
1471,Jaime,Munguia,Munguia,1996-10-06
1472,Pedro,Taduran,Taduran,1996-10-29
1473,Wilfredo,Mendez,Mendez,1996-11-10
1474,David,Benavidez,Benavidez,1996-12-17
1475,Elwin,Soto,Soto,1996-12-23
1476,Brandon,Figueroa,Figueroa,1996-12-29
1477,Shakur,Stevenson,Stevenson,1997-06-28
1478,Teofimo,Lopez,Lopez,1997-07-30
1479,Junto,Nakatani,Nakatani,1998-01-02
1480,David,Morrell,Morrell,1998-01-18
1481,Devin,Haney,Haney,1998-11-17
1482,Jai,Opetaia,Opetaia,1995-06-30
1483,Mark,Magsayo,Magsayo,1995-06-22
1484,Sivenathi,Nontshinga,Nontshinga,1998-12-03
1485,George,Kambosos Jr,Kambosos Jr,1993-06-14
1486,Zhanibek,Alimkhanuly,Alimkhanuly,1993-04-01
1487,Daniel,Valladares,Valladares,1995-01-01
1488,Erick,Rosa,Rosa,2000-03-18
1489,Masataka,Taniguchi,Taniguchi,1994-01-19
1490,Kenichi,Ogawa,Ogawa,1988-02-01
1491,Joe,Cordina,Cordina,1991-12-01
1492,Shavkatdzhon,Rakhimov,Rakhimov,1994-08-14
1493,Hector,Luis Garcia,Garcia,1991-11-01
1494,Fernando,Martinez,Martinez,1991-07-18
1495,Jesse,Rodriguez,Rodriguez,2000-01-20
1496,Alberto,Puello,Puello,1994-07-22
1497,Radzhab,Butaev,Butaev,1993-12-15
1498,Eimantas,Stanionis,Stanionis,1994-08-17
1499,Daniel,Dubois,Dubois,1997-09-06
1500,Luis,Alberto Lopez,Lopez,1993-08-21
1501,O'Shaquie,Foster,Foster,1993-09-17
1502,Mauricio,Lara,Lara,1998-02-23
1503,Melvin,Jerusalem,Jerusalem,1994-02-22
1504,Subriel,Matias,Matias,1992-03-31